{"cameraMode":{"drawMode":0,"name":"Shaded","section":"Shading Mode"},"sceneLighting":true,"audioPlay":false,"sceneViewState":{"showFog":true,"showMaterialUpdate":false,"showSkybox":true,"showFlares":true,"showImageEffects":true,"showParticleSystems":true},"in2DMode":false,"pivot":{"x":9.04259204864502,"y":8.210392951965332,"z":41.18155288696289},"rotation":{"x":-0.06154009699821472,"y":-0.9092232584953308,"z":0.3852805495262146,"w":-0.14523042738437653},"size":21.874130249023439,"orthographic":false}