{"cameraMode":{"drawMode":0,"name":"Shaded","section":"Shading Mode"},"sceneLighting":true,"audioPlay":false,"sceneViewState":{"showFog":true,"showMaterialUpdate":false,"showSkybox":true,"showFlares":true,"showImageEffects":true,"showParticleSystems":true},"in2DMode":false,"pivot":{"x":-65.65486145019531,"y":-79.30970001220703,"z":-23.931350708007814},"rotation":{"x":0.10785771906375885,"y":-0.8794159889221191,"z":0.39780083298683169,"w":0.23840326070785523},"size":100.2681884765625,"orthographic":false}