{"cameraMode":{"drawMode":0,"name":"Shaded","section":"Shading Mode"},"sceneLighting":true,"audioPlay":false,"sceneViewState":{"showFog":true,"showMaterialUpdate":false,"showSkybox":true,"showFlares":true,"showImageEffects":true,"showParticleSystems":true},"in2DMode":false,"pivot":{"x":-4.733436584472656,"y":-73.3302230834961,"z":104.90929412841797},"rotation":{"x":0.3590497076511383,"y":0.05035816878080368,"z":-0.019406398758292199,"w":0.9317607283592224},"size":114.74615478515625,"orthographic":false}