{"cameraMode":{"drawMode":0,"name":"Shaded","section":"Shading Mode"},"sceneLighting":true,"audioPlay":false,"sceneViewState":{"showFog":true,"showMaterialUpdate":false,"showSkybox":true,"showFlares":true,"showImageEffects":true,"showParticleSystems":true},"in2DMode":false,"pivot":{"x":38.49989700317383,"y":-216.445556640625,"z":414.1069030761719},"rotation":{"x":-0.2983936667442322,"y":-0.41062015295028689,"z":0.14423520863056184,"w":-0.849457323551178},"size":196.26390075683595,"orthographic":false}