{"cameraMode":{"drawMode":0,"name":"Shaded","section":"Shading Mode"},"sceneLighting":true,"audioPlay":false,"sceneViewState":{"showFog":true,"showMaterialUpdate":false,"showSkybox":true,"showFlares":true,"showImageEffects":true,"showParticleSystems":true},"in2DMode":false,"pivot":{"x":-22.42507553100586,"y":23.55712127685547,"z":148.52316284179688},"rotation":{"x":-0.12574036419391633,"y":-0.6719228029251099,"z":0.11729121953248978,"w":-0.7203992605209351},"size":3.151684522628784,"orthographic":false}